{
    "answers": {
        "phase": "architecture",
        "action": "architectural decision",
        "scope": "database design",
        "action experience": "fair",
        "prog lang": "sql",
        "other prog lang": "<fill in>",
        "tool": "chat gpt 3.x",
        "other tool": "<fill in>",
        "tool option": "free",
        "tool experience": "some",
        "time allocated (h)": "0.1",
        "time saved estimate (h)": "0.5", 
        "quality of ai help": "major modifications needed",
        "generic feeling": "great in the future",
        "notes": "<fill in>"
    }
}