{
    "answers": {
        "phase": ["requirements specification"],
        "action": ["problem understanding"],
        "scope": ["api"],
        "action experience": ["big"],
        "prog lang": ["n/a"],
        "other prog lang": "",
        "tool": ["chat gpt 3.x"],
        "other tool": "",
        "tool option": ["free"],
        "tool experience": ["master"],
        "time allocated (h)": "0.1",
        "time saved estimate (h)": "0.5", 
        "quality of ai help": ["ready-to-use"],
        "generic feeling": ["great as-is"],
        "notes": "the quality of ai help question is not ambiguous, i asked for help to understand what i have to do, in that respect it helped a lot, however this is general info, it is not something to <<use>>  "
    }
}