{
    "answers": {
        "phase": "coding",
        "action": "source code authoring",
        "scope": "api",
        "action experience": "fair",
        "prog lang": "python",
        "other prog lang": "<fill in>",
        "tool": "chat gpt 3.x",
        "other tool": "<fill in>",
        "tool option": "free",
        "tool experience": "enough",
        "time allocated (h)": ".2",
        "time saved estimate (h)": ".5", 
        "quality of ai help": "minor modifications needed",
        "generic feeling": "great in the future",
        "notes": "Debugging"
    }
}