{
    "answers": {
        "phase": "architecture",
        "action": "problem understanding",
        "scope": "uml deployment",
        "action experience": "fair",
        "prog lang": "other",
        "other prog lang": "visual paradigm",
        "tool": "chat gpt 3.x",
        "other tool": "<fill in>",
        "tool option": "free",
        "tool experience": "enough",
        "time allocated (h)": ".25",
        "time saved estimate (h)": "0", 
        "quality of ai help": "minor modifications needed",
        "generic feeling": "needs work",
        "notes": "Can't really be specific with UML diagrams"
    }
}