{
    "answers": {
        "phase": "coding",
        "action": "source code authoring",
        "scope":  "frontend",
        "action experience":  "little",
        "prog lang": "js",
        "other prog lang": "<fill in>",
        "tool": "chat gpt 3.x", 
        "other tool": "<fill in>",
        "tool option": "free",
        "tool experience":  "master",
        "time allocated (h)": "0",
        "time saved estimate (h)": "1", 
        "quality of ai help": "minor modifications needed",
        "generic feeling":  "great as-is",
        "notes": "simple question of implementation, works very well"
    }
}