{
    "answers": {
        "phase": "design",
        "action": "problem understanding",
        "scope": "frontend",
        "action experience": "fair",
        "prog lang": "other",
        "other prog lang": "html",
        "tool": "chat gpt 4.x",
        "other tool": "<fill in>",
        "tool option": "full",
        "tool experience": "enough",
        "time allocated (h)": "0.2",
        "time saved estimate (h)": "1", 
        "quality of ai help": "ready-to-use",
        "generic feeling": "great as-is",
        "notes": "<fill in>"
    }
}