{
    "answers": {
        "phase": "coding",
        "action": "requirements (functional)",
        "scope": "api",
        "action experience": "fair",
        "prog lang": "js",
        "other prog lang": "<fill in>",
        "tool": "chat gpt 3.x",
        "other tool": "<fill in>",
        "tool option": "free",
        "tool experience": "enough",
        "time allocated (h)": "4",
        "time saved estimate (h)": "2", 
        "quality of ai help": "minor modifications needed",
        "generic feeling": "great in the future",
        "notes": "Really helped"
    }
}