{
    "answers": {
        "phase": "coding",
        "action": "requirements (functional)",
        "scope": "frontend",
        "action experience": "fair",
        "prog lang": "js",
        "other prog lang": "html",
        "tool": "chat gpt 3.x",
        "other tool": "<fill in>",
        "tool option": "free",
        "tool experience":  "enough",
        "time allocated (h)": "0.1",
        "time saved estimate (h)": "0.5",
        "quality of ai help": "ready-to-use",
        "generic feeling": "great as-is",
        "notes": "<fill in>"
    }
}