{
    "answers": {
        "phase": "coding",
        "action": "requirements (functional)",
        "scope": "backend",
        "action experience": "fair",
        "prog lang": "python",
        "other prog lang": "<fill in>",
        "tool": "chat gpt 3.x",
        "other tool": "<fill in>",
        "tool option": "free",
        "tool experience":  "enough",
        "time allocated (h)": "0.2",
        "time saved estimate (h)": "0.5",
        "quality of ai help": "minor modifications needed",
        "generic feeling": "great as-is",
        "notes": "I had to change the way it called the tables in order to delete them without problems with foreign keys"
    }
}