{
    "answers": {
        "phase": "requirements specification",
        "action": "problem understanding",
        "scope": "cli",
        "action experience": "big",
        "prog lang": "n/a",
        "other prog lang": "<fill in>",
        "tool": "chat gpt 3.x",
        "other tool": "<fill in>",
        "tool option": "free",
        "tool experience": "master",
        "time allocated (h)": "0.1",
        "time saved estimate (h)": "0", 
        "quality of ai help": "minor modifications needed",
        "generic feeling": "great as-is",
        "notes": "<understanding what is a cpi>"
    }
}