{
    "answers": {
        "phase": "testing",
        "action": "functional testing",
        "scope":  "test code driver",
        "action experience": "little",
        "prog lang":  "python",
        "other prog lang": "<fill in>",
        "tool": "chat gpt 3.x",
        "other tool": "<fill in>",
        "tool option": "free",
        "tool experience": "master",
        "time allocated (h)": "1",
        "time saved estimate (h)": "4", 
        "quality of ai help": "major modifications needed",
        "generic feeling": "great in the future",
        "notes": "<fill in>"
    }
}